record_id,epoch_seconds,total_epochs,recording_minutes_from_annotations,sleep_epochs,sleep_minutes,sleep_hours,wake_minutes,movement_or_excluded_minutes,sleep_respiratory_event_count,sleep_respiratory_event_epochs,all_epoch_respiratory_event_count,ahi_style_events_per_sleep_hour,respiratory_event_epochs_per_sleep_hour,hypopnea_events_per_sleep_hour,obstructive_apnea_events_per_sleep_hour,central_apnea_events_per_sleep_hour,arousal_associated_respiratory_events_per_sleep_hour,source_reported_ahi,ahi_style_minus_source_reported_ahi,ahi_style_learning_severity,source_ahi_alignment_status
slp01a,30.0,240,120.0,232,116.0,1.9333333333333333,3.5,0.5,37,36,38,19.137931034482758,18.620689655172413,19.137931034482758,0.0,0.0,7.241379310344827,17.0,2.137931034482758,moderate_range,roughly_aligned
slp02a,30.0,360,180.0,308,154.0,2.566666666666667,22.0,4.0,80,75,97,31.168831168831165,29.220779220779217,3.8961038961038956,27.27272727272727,0.0,27.27272727272727,34.0,-2.831168831168835,severe_range,roughly_aligned
slp03,30.0,720,360.0,569,284.5,4.741666666666666,75.5,0.0,250,226,265,52.72407732864675,47.66256590509666,42.601054481546576,7.592267135325132,2.5307557117750443,30.579964850615116,43.0,9.72407732864675,severe_range,roughly_aligned
slp59,30.0,458,229.0,318,159.0,2.65,70.0,0.0,184,174,221,69.43396226415095,65.66037735849056,23.0188679245283,29.056603773584907,17.358490566037737,55.09433962264151,55.3,14.133962264150952,severe_range,needs_manual_review
slp60,30.0,710,355.0,424,212.0,3.533333333333333,143.0,0.0,291,284,350,82.35849056603774,80.37735849056604,10.471698113207548,57.735849056603776,14.150943396226415,70.75471698113208,59.2,23.15849056603774,severe_range,needs_manual_review
slp61,30.0,720,360.0,596,298.0,4.966666666666667,62.0,0.0,244,243,254,49.127516778523486,48.92617449664429,6.845637583892617,40.87248322147651,1.4093959731543624,10.872483221476509,41.2,7.927516778523483,severe_range,roughly_aligned
slp66,30.0,439,219.5,264,132.0,2.2,87.5,0.0,219,208,240,99.54545454545453,94.54545454545453,93.63636363636363,5.909090909090908,0.0,89.99999999999999,65.5,34.04545454545453,severe_range,needs_manual_review
slp67x,30.0,154,77.0,82,41.0,0.6833333333333333,36.0,0.0,54,53,74,79.02439024390243,77.5609756097561,5.853658536585366,17.5609756097561,55.609756097560975,52.68292682926829,0.7,78.32439024390243,severe_range,needs_manual_review
