record_id,spo2_channel_name,sampling_rate_hz,finite_fraction_pct,plausible_fraction_pct,mean_spo2_pct,median_spo2_pct,min_spo2_pct,p05_spo2_pct,baseline_spo2_pct,sleep_hours,oxygen_status,time_below_90pct_pct_recording,time_below_88pct_pct_recording,desaturation_3pct_event_count_proxy,desaturation_3pct_events_per_sleep_hour_proxy,desaturation_3pct_minutes_proxy,desaturation_4pct_event_count_proxy,desaturation_4pct_events_per_sleep_hour_proxy,desaturation_4pct_minutes_proxy
slp59,SO2,250.0,100.0,95.62963888888889,90.74756744253972,91.52941176470588,40.0,68.76470588235294,96.3529411764706,2.65,available,25.975675254098057,12.74340504033646,144,54.339622641509436,144.28119999999998,163,61.509433962264154,127.57773333333333
slp60,SO2,250.0,100.0,98.83117370892019,92.42687683157389,93.01102556733055,70.6908254804958,84.32755046505513,97.23046065223905,3.533333333333333,available,15.17059489697421,9.842288076978619,179,50.66037735849057,243.00333333333336,254,71.88679245283019,171.76406666666665
slp61,SO2,250.0,100.0,96.48073873873874,91.91025932844622,94.5551839464883,40.02675585284281,76.25418060200668,95.83946488294315,4.966666666666667,available,18.756635549344583,15.75528028653808,160,32.21476510067114,85.8448,154,31.006711409395972,76.66093333333333
slp66,SO2,250.0,100.0,99.89930303030303,90.49462245392328,90.8051948051948,81.87012987012987,85.76623376623377,94.02597402597402,2.2,available,30.891379410236432,13.744840638012157,166,75.45454545454545,105.2328,105,47.72727272727273,60.2628
slp67x,SO2,250.0,100.0,99.03099567099567,92.94438352290895,93.65714285714286,83.65714285714286,88.34285714285714,95.48571428571428,0.6833333333333333,available,12.083583958146821,4.133386022829006,45,65.85365853658537,19.368666666666666,25,36.58536585365854,12.083866666666667
