record_id,model,epoch_count,majority_reference_stage,predicted_majority_stage,accuracy,balanced_accuracy,cohen_kappa,macro_f1,wake_precision,wake_recall,wake_f1,wake_support,n1_precision,n1_recall,n1_f1,n1_support,n2_precision,n2_recall,n2_f1,n2_support,n3_precision,n3_recall,n3_f1,n3_support,rem_precision,rem_recall,rem_f1,rem_support
SC4001,yasa_sleepstaging,2650,WAKE,WAKE,0.7773584905660378,0.5718187902543471,0.524350457730925,0.5351879498494903,0.930089485458613,0.8327491236855283,0.8787318361955085,1997,0.2,0.3103448275862069,0.24324324324324326,58,0.5536723163841808,0.784,0.6490066225165563,250,0.7777777777777778,0.7,0.7368421052631579,220,0.1318181818181818,0.232,0.1681159420289855,125
SC4011,yasa_sleepstaging,2802,WAKE,WAKE,0.7127052105638829,0.7480259023552882,0.5467059964526023,0.6194521847293762,0.97265625,0.6707974137931034,0.7940051020408163,1856,0.4915254237288136,0.5321100917431193,0.5110132158590308,109,0.7037593984962406,0.8327402135231317,0.7628361858190709,562,0.5255102040816326,0.9809523809523809,0.6843853820598007,105,0.2265193370165746,0.7235294117647059,0.3450210378681627,170
all,yasa_sleepstaging,5452,WAKE,WAKE,0.7441305942773294,0.6667167694943552,0.5442509860827549,0.5946354853812662,0.9478487614080835,0.754736568907345,0.8403409911862447,3853,0.36538461538461536,0.4550898203592814,0.4053333333333333,167,0.6516192345436702,0.8177339901477833,0.7252867285636264,812,0.6522842639593909,0.7907692307692308,0.7148817802503477,325,0.19921363040629095,0.5152542372881356,0.28733459357277885,295
